{
  "crs": "EPSG:3857",
  "xOrigin": -13638280.0,
  "yOrigin": 4555858.0,
  "pixelSize": 10.0,
  "width": 1756,
  "height": 1756,
  "noDataValue": -999999.0,
  "bounds": {
    "minLon": -122.51475373101587,
    "minLat": 37.708287176550535,
    "maxLon": -122.35700956712448,
    "maxLat": 37.832979339321654
  }
}
