{
  "crs": "EPSG:3857",
  "xOrigin": -8266080.0,
  "yOrigin": 4999890.0,
  "pixelSize": 30.0,
  "width": 2062,
  "height": 2053,
  "noDataValue": -999999.0,
  "bounds": {
    "minLon": -74.25546003754692,
    "minLat": 40.499111936894664,
    "maxLon": -73.6997622027906,
    "maxLat": 40.918527756062545
  }
}
